{
  "POST character" : {
    "transaction" : "POST character",
    "sampleCount" : 11665,
    "errorCount" : 0,
    "errorPct" : 0.0,
    "meanResTime" : 123.28932704672096,
    "medianResTime" : 105.0,
    "minResTime" : 14.0,
    "maxResTime" : 793.0,
    "pct1ResTime" : 207.0,
    "pct2ResTime" : 248.0,
    "pct3ResTime" : 363.0,
    "throughput" : 384.7041751863334,
    "receivedKBytesPerSec" : 98.36102267949015,
    "sentKBytesPerSec" : 82.20645282303278
  },
  "GET character" : {
    "transaction" : "GET character",
    "sampleCount" : 11590,
    "errorCount" : 0,
    "errorPct" : 0.0,
    "meanResTime" : 122.43364969801564,
    "medianResTime" : 104.0,
    "minResTime" : 17.0,
    "maxResTime" : 794.0,
    "pct1ResTime" : 204.0,
    "pct2ResTime" : 247.0,
    "pct3ResTime" : 363.0,
    "throughput" : 382.5082508250825,
    "receivedKBytesPerSec" : 96.000605919967,
    "sentKBytesPerSec" : 47.439988139438945
  },
  "Total" : {
    "transaction" : "Total",
    "sampleCount" : 58601,
    "errorCount" : 0,
    "errorPct" : 0.0,
    "meanResTime" : 509.277896281633,
    "medianResTime" : 177.0,
    "minResTime" : 14.0,
    "maxResTime" : 32540.0,
    "pct1ResTime" : 301.0,
    "pct2ResTime" : 410.0,
    "pct3ResTime" : 29676.0,
    "throughput" : 1684.6145000862416,
    "receivedKBytesPerSec" : 4891.863515719327,
    "sentKBytesPerSec" : 296.2689506913701
  },
  "DELETE character" : {
    "transaction" : "DELETE character",
    "sampleCount" : 11446,
    "errorCount" : 0,
    "errorPct" : 0.0,
    "meanResTime" : 122.73440503232496,
    "medianResTime" : 105.0,
    "minResTime" : 27.0,
    "maxResTime" : 584.0,
    "pct1ResTime" : 206.0,
    "pct2ResTime" : 254.0,
    "pct3ResTime" : 364.53000000000065,
    "throughput" : 378.5929282572024,
    "receivedKBytesPerSec" : 92.06019446879237,
    "sentKBytesPerSec" : 78.7502868347501
  },
  "PUT character" : {
    "transaction" : "PUT character",
    "sampleCount" : 11508,
    "errorCount" : 0,
    "errorPct" : 0.0,
    "meanResTime" : 122.52189781021882,
    "medianResTime" : 104.0,
    "minResTime" : 22.0,
    "maxResTime" : 590.0,
    "pct1ResTime" : 208.0,
    "pct2ResTime" : 250.0,
    "pct3ResTime" : 366.0,
    "throughput" : 380.24120270940034,
    "receivedKBytesPerSec" : 97.21690174293738,
    "sentKBytesPerSec" : 81.62107116305964
  },
  "GET characters" : {
    "transaction" : "GET characters",
    "sampleCount" : 12392,
    "errorCount" : 0,
    "errorPct" : 0.0,
    "meanResTime" : 1950.6308908973526,
    "medianResTime" : 111.0,
    "minResTime" : 19.0,
    "maxResTime" : 32540.0,
    "pct1ResTime" : 293.0,
    "pct2ResTime" : 28616.399999999994,
    "pct3ResTime" : 30252.629999999997,
    "throughput" : 356.2352670614615,
    "receivedKBytesPerSec" : 4557.911733977031,
    "sentKBytesPerSec" : 43.83363637670327
  }
}