{
  "POST character" : {
    "transaction" : "POST character",
    "sampleCount" : 2000,
    "errorCount" : 0,
    "errorPct" : 0.0,
    "meanResTime" : 33.703500000000005,
    "medianResTime" : 12.0,
    "minResTime" : 3.0,
    "maxResTime" : 679.0,
    "pct1ResTime" : 82.0,
    "pct2ResTime" : 152.7499999999991,
    "pct3ResTime" : 443.0,
    "throughput" : 225.07314877335133,
    "receivedKBytesPerSec" : 57.548061029991004,
    "sentKBytesPerSec" : 48.096747165485034
  },
  "GET character" : {
    "transaction" : "GET character",
    "sampleCount" : 2000,
    "errorCount" : 0,
    "errorPct" : 0.0,
    "meanResTime" : 31.523500000000016,
    "medianResTime" : 11.0,
    "minResTime" : 1.0,
    "maxResTime" : 642.0,
    "pct1ResTime" : 71.0,
    "pct2ResTime" : 113.94999999999982,
    "pct3ResTime" : 457.99,
    "throughput" : 227.42779167614282,
    "receivedKBytesPerSec" : 57.07904537184444,
    "sentKBytesPerSec" : 28.20637650670912
  },
  "Total" : {
    "transaction" : "Total",
    "sampleCount" : 10000,
    "errorCount" : 0,
    "errorPct" : 0.0,
    "meanResTime" : 431.6817999999998,
    "medianResTime" : 10.0,
    "minResTime" : 1.0,
    "maxResTime" : 7581.0,
    "pct1ResTime" : 443.0,
    "pct2ResTime" : 4003.5999999999913,
    "pct3ResTime" : 7040.889999999998,
    "throughput" : 1115.5734047300311,
    "receivedKBytesPerSec" : 364.5578407379518,
    "sentKBytesPerSec" : 197.1024288124721
  },
  "DELETE character" : {
    "transaction" : "DELETE character",
    "sampleCount" : 2000,
    "errorCount" : 0,
    "errorPct" : 0.0,
    "meanResTime" : 20.32849999999999,
    "medianResTime" : 7.0,
    "minResTime" : 1.0,
    "maxResTime" : 681.0,
    "pct1ResTime" : 55.90000000000009,
    "pct2ResTime" : 99.94999999999982,
    "pct3ResTime" : 180.0,
    "throughput" : 230.94688221709006,
    "receivedKBytesPerSec" : 56.157982101616625,
    "sentKBytesPerSec" : 48.03875577367206
  },
  "PUT character" : {
    "transaction" : "PUT character",
    "sampleCount" : 2000,
    "errorCount" : 0,
    "errorPct" : 0.0,
    "meanResTime" : 29.830499999999954,
    "medianResTime" : 8.0,
    "minResTime" : 2.0,
    "maxResTime" : 648.0,
    "pct1ResTime" : 72.90000000000009,
    "pct2ResTime" : 133.94999999999982,
    "pct3ResTime" : 577.0,
    "throughput" : 228.49308808408546,
    "receivedKBytesPerSec" : 58.41579761938764,
    "sentKBytesPerSec" : 49.04401080343882
  },
  "GET characters" : {
    "transaction" : "GET characters",
    "sampleCount" : 2000,
    "errorCount" : 0,
    "errorPct" : 0.0,
    "meanResTime" : 2043.0230000000008,
    "medianResTime" : 155.0,
    "minResTime" : 2.0,
    "maxResTime" : 7581.0,
    "pct1ResTime" : 6129.0,
    "pct2ResTime" : 7040.449999999998,
    "pct3ResTime" : 7471.9400000000005,
    "throughput" : 223.33891680625348,
    "receivedKBytesPerSec" : 140.36065745393634,
    "sentKBytesPerSec" : 27.481155778894472
  }
}