{
  "POST character" : {
    "transaction" : "POST character",
    "sampleCount" : 100,
    "errorCount" : 0,
    "errorPct" : 0.0,
    "meanResTime" : 7.3400000000000025,
    "medianResTime" : 6.0,
    "minResTime" : 2.0,
    "maxResTime" : 30.0,
    "pct1ResTime" : 15.0,
    "pct2ResTime" : 16.0,
    "pct3ResTime" : 29.969999999999985,
    "throughput" : 108.22510822510823,
    "receivedKBytesPerSec" : 27.672441490800864,
    "sentKBytesPerSec" : 23.127832454004327
  },
  "GET character" : {
    "transaction" : "GET character",
    "sampleCount" : 100,
    "errorCount" : 0,
    "errorPct" : 0.0,
    "meanResTime" : 7.410000000000004,
    "medianResTime" : 6.0,
    "minResTime" : 2.0,
    "maxResTime" : 29.0,
    "pct1ResTime" : 15.900000000000006,
    "pct2ResTime" : 20.94999999999999,
    "pct3ResTime" : 28.97999999999999,
    "throughput" : 108.93246187363835,
    "receivedKBytesPerSec" : 27.33949482570806,
    "sentKBytesPerSec" : 13.510178376906318
  },
  "Total" : {
    "transaction" : "Total",
    "sampleCount" : 500,
    "errorCount" : 0,
    "errorPct" : 0.0,
    "meanResTime" : 8.755999999999986,
    "medianResTime" : 6.0,
    "minResTime" : 1.0,
    "maxResTime" : 52.0,
    "pct1ResTime" : 17.0,
    "pct2ResTime" : 22.94999999999999,
    "pct3ResTime" : 42.91000000000008,
    "throughput" : 496.031746031746,
    "receivedKBytesPerSec" : 136.0599578373016,
    "sentKBytesPerSec" : 87.64551556299602
  },
  "DELETE character" : {
    "transaction" : "DELETE character",
    "sampleCount" : 100,
    "errorCount" : 0,
    "errorPct" : 0.0,
    "meanResTime" : 7.11,
    "medianResTime" : 5.5,
    "minResTime" : 1.0,
    "maxResTime" : 20.0,
    "pct1ResTime" : 15.900000000000006,
    "pct2ResTime" : 17.94999999999999,
    "pct3ResTime" : 19.989999999999995,
    "throughput" : 111.60714285714286,
    "receivedKBytesPerSec" : 27.138846261160715,
    "sentKBytesPerSec" : 23.215157645089285
  },
  "PUT character" : {
    "transaction" : "PUT character",
    "sampleCount" : 100,
    "errorCount" : 0,
    "errorPct" : 0.0,
    "meanResTime" : 7.8300000000000045,
    "medianResTime" : 6.0,
    "minResTime" : 2.0,
    "maxResTime" : 33.0,
    "pct1ResTime" : 15.900000000000006,
    "pct2ResTime" : 18.94999999999999,
    "pct3ResTime" : 32.93999999999997,
    "throughput" : 109.89010989010988,
    "receivedKBytesPerSec" : 28.099244505494504,
    "sentKBytesPerSec" : 23.592032967032967
  },
  "GET characters" : {
    "transaction" : "GET characters",
    "sampleCount" : 100,
    "errorCount" : 0,
    "errorPct" : 0.0,
    "meanResTime" : 14.090000000000005,
    "medianResTime" : 11.0,
    "minResTime" : 4.0,
    "maxResTime" : 52.0,
    "pct1ResTime" : 27.900000000000006,
    "pct2ResTime" : 42.5499999999999,
    "pct3ResTime" : 51.989999999999995,
    "throughput" : 100.40160642570281,
    "receivedKBytesPerSec" : 36.74169333584337,
    "sentKBytesPerSec" : 12.35410391566265
  }
}