{
  "POST character" : {
    "transaction" : "POST character",
    "sampleCount" : 24850,
    "errorCount" : 3749,
    "errorPct" : 15.086519,
    "meanResTime" : 2839.7591549295753,
    "medianResTime" : 239.0,
    "minResTime" : 1.0,
    "maxResTime" : 66044.0,
    "pct1ResTime" : 514.0,
    "pct2ResTime" : 30779.0,
    "pct3ResTime" : 65047.94000000001,
    "throughput" : 273.87446960930185,
    "receivedKBytesPerSec" : 164.50769238717143,
    "sentKBytesPerSec" : 49.691828797459635
  },
  "GET character" : {
    "transaction" : "GET character",
    "sampleCount" : 23634,
    "errorCount" : 2727,
    "errorPct" : 11.538462,
    "meanResTime" : 2375.5863586358564,
    "medianResTime" : 234.0,
    "minResTime" : 1.0,
    "maxResTime" : 67196.0,
    "pct1ResTime" : 446.0,
    "pct2ResTime" : 30660.650000000005,
    "pct3ResTime" : 64908.0,
    "throughput" : 260.52736011287976,
    "receivedKBytesPerSec" : 134.22722166569295,
    "sentKBytesPerSec" : 28.583248906615154
  },
  "Total" : {
    "transaction" : "Total",
    "sampleCount" : 119470,
    "errorCount" : 15186,
    "errorPct" : 12.711141,
    "meanResTime" : 2666.089060015069,
    "medianResTime" : 370.0,
    "minResTime" : 1.0,
    "maxResTime" : 71607.0,
    "pct1ResTime" : 59526.700000000004,
    "pct2ResTime" : 65344.0,
    "pct3ResTime" : 66982.93000000001,
    "throughput" : 1315.864833906071,
    "receivedKBytesPerSec" : 6041.7710540473,
    "sentKBytesPerSec" : 202.13618636898073
  },
  "DELETE character" : {
    "transaction" : "DELETE character",
    "sampleCount" : 22006,
    "errorCount" : 1738,
    "errorPct" : 7.897846,
    "meanResTime" : 1726.3389530128163,
    "medianResTime" : 228.0,
    "minResTime" : 1.0,
    "maxResTime" : 67765.0,
    "pct1ResTime" : 418.0,
    "pct2ResTime" : 523.0,
    "pct3ResTime" : 64993.870000000024,
    "throughput" : 242.72037412865086,
    "receivedKBytesPerSec" : 102.95107269354429,
    "sentKBytesPerSec" : 46.50029056461219
  },
  "PUT character" : {
    "transaction" : "PUT character",
    "sampleCount" : 22587,
    "errorCount" : 2222,
    "errorPct" : 9.837517,
    "meanResTime" : 1406.54757161199,
    "medianResTime" : 225.0,
    "minResTime" : 1.0,
    "maxResTime" : 66817.0,
    "pct1ResTime" : 393.0,
    "pct2ResTime" : 501.0,
    "pct3ResTime" : 32839.720000000045,
    "throughput" : 249.06546693572398,
    "receivedKBytesPerSec" : 119.96941144403277,
    "sentKBytesPerSec" : 48.205329095542915
  },
  "GET characters" : {
    "transaction" : "GET characters",
    "sampleCount" : 26393,
    "errorCount" : 4750,
    "errorPct" : 17.997196,
    "meanResTime" : 4624.162921986887,
    "medianResTime" : 246.0,
    "minResTime" : 1.0,
    "maxResTime" : 71607.0,
    "pct1ResTime" : 30061.0,
    "pct2ResTime" : 59582.0,
    "pct3ResTime" : 66804.99,
    "throughput" : 290.7422503249686,
    "receivedKBytesPerSec" : 5521.466581764028,
    "sentKBytesPerSec" : 29.336441820980852
  }
}