{
  "POST character" : {
    "transaction" : "POST character",
    "sampleCount" : 20000,
    "errorCount" : 2805,
    "errorPct" : 14.025,
    "meanResTime" : 1996.7331499999952,
    "medianResTime" : 11.0,
    "minResTime" : 1.0,
    "maxResTime" : 70246.0,
    "pct1ResTime" : 555.0,
    "pct2ResTime" : 21646.850000000002,
    "pct3ResTime" : 36260.390000008105,
    "throughput" : 271.57677475422304,
    "receivedKBytesPerSec" : 154.50615354781107,
    "sentKBytesPerSec" : 49.891478026892884
  },
  "GET character" : {
    "transaction" : "GET character",
    "sampleCount" : 20000,
    "errorCount" : 1836,
    "errorPct" : 9.18,
    "meanResTime" : 1034.579600000004,
    "medianResTime" : 10.0,
    "minResTime" : 1.0,
    "maxResTime" : 65906.0,
    "pct1ResTime" : 413.0,
    "pct2ResTime" : 1892.9000000000015,
    "pct3ResTime" : 30196.0,
    "throughput" : 271.60996808582877,
    "receivedKBytesPerSec" : 125.90574232277449,
    "sentKBytesPerSec" : 30.593626926733208
  },
  "Total" : {
    "transaction" : "Total",
    "sampleCount" : 100000,
    "errorCount" : 10737,
    "errorPct" : 10.737,
    "meanResTime" : 1468.2440099999985,
    "medianResTime" : 9.0,
    "minResTime" : 0.0,
    "maxResTime" : 70246.0,
    "pct1ResTime" : 27.0,
    "pct2ResTime" : 10627.250000000011,
    "pct3ResTime" : 65300.0,
    "throughput" : 1356.5760021705216,
    "receivedKBytesPerSec" : 779.9659690191955,
    "sentKBytesPerSec" : 215.33940365766804
  },
  "DELETE character" : {
    "transaction" : "DELETE character",
    "sampleCount" : 20000,
    "errorCount" : 1087,
    "errorPct" : 5.435,
    "meanResTime" : 743.2676000000029,
    "medianResTime" : 9.0,
    "minResTime" : 0.0,
    "maxResTime" : 66778.0,
    "pct1ResTime" : 162.0,
    "pct2ResTime" : 604.0,
    "pct3ResTime" : 30199.99,
    "throughput" : 271.80929859610495,
    "receivedKBytesPerSec" : 100.3961222368886,
    "sentKBytesPerSec" : 53.46559244658947
  },
  "PUT character" : {
    "transaction" : "PUT character",
    "sampleCount" : 20000,
    "errorCount" : 1365,
    "errorPct" : 6.825,
    "meanResTime" : 734.4696500000028,
    "medianResTime" : 10.0,
    "minResTime" : 1.0,
    "maxResTime" : 66775.0,
    "pct1ResTime" : 207.0,
    "pct2ResTime" : 686.9500000000007,
    "pct3ResTime" : 30127.0,
    "throughput" : 271.6874507566496,
    "receivedKBytesPerSec" : 112.32253025494471,
    "sentKBytesPerSec" : 54.33977190140462
  },
  "GET characters" : {
    "transaction" : "GET characters",
    "sampleCount" : 20000,
    "errorCount" : 3644,
    "errorPct" : 18.22,
    "meanResTime" : 2832.1700500000115,
    "medianResTime" : 12.0,
    "minResTime" : 1.0,
    "maxResTime" : 69574.0,
    "pct1ResTime" : 10791.900000000001,
    "pct2ResTime" : 21472.95,
    "pct3ResTime" : 64896.0,
    "throughput" : 271.34096705920655,
    "receivedKBytesPerSec" : 287.4845754319409,
    "sentKBytesPerSec" : 27.304426758289466
  }
}