{
  "POST character" : {
    "transaction" : "POST character",
    "sampleCount" : 12825,
    "errorCount" : 0,
    "errorPct" : 0.0,
    "meanResTime" : 111.22292397660894,
    "medianResTime" : 114.0,
    "minResTime" : 2.0,
    "maxResTime" : 388.0,
    "pct1ResTime" : 155.0,
    "pct2ResTime" : 170.0,
    "pct3ResTime" : 239.73999999999978,
    "throughput" : 424.5704637997815,
    "receivedKBytesPerSec" : 108.55316415690072,
    "sentKBytesPerSec" : 90.72452163405833
  },
  "GET character" : {
    "transaction" : "GET character",
    "sampleCount" : 12758,
    "errorCount" : 0,
    "errorPct" : 0.0,
    "meanResTime" : 109.55016460260215,
    "medianResTime" : 114.0,
    "minResTime" : 6.0,
    "maxResTime" : 340.0,
    "pct1ResTime" : 154.0,
    "pct2ResTime" : 164.0,
    "pct3ResTime" : 203.40999999999985,
    "throughput" : 422.7863202545069,
    "receivedKBytesPerSec" : 107.6956270608265,
    "sentKBytesPerSec" : 52.43541276593982
  },
  "Total" : {
    "transaction" : "Total",
    "sampleCount" : 64434,
    "errorCount" : 0,
    "errorPct" : 0.0,
    "meanResTime" : 461.3437781295557,
    "medianResTime" : 148.0,
    "minResTime" : 2.0,
    "maxResTime" : 32400.0,
    "pct1ResTime" : 188.0,
    "pct2ResTime" : 221.0,
    "pct3ResTime" : 29519.99,
    "throughput" : 1887.5120836628878,
    "receivedKBytesPerSec" : 10769.647395055219,
    "sentKBytesPerSec" : 331.7795928446407
  },
  "DELETE character" : {
    "transaction" : "DELETE character",
    "sampleCount" : 12621,
    "errorCount" : 0,
    "errorPct" : 0.0,
    "meanResTime" : 109.93724744473485,
    "medianResTime" : 114.0,
    "minResTime" : 7.0,
    "maxResTime" : 335.0,
    "pct1ResTime" : 154.0,
    "pct2ResTime" : 163.0,
    "pct3ResTime" : 205.0,
    "throughput" : 418.91263940520446,
    "receivedKBytesPerSec" : 101.8644992303671,
    "sentKBytesPerSec" : 87.13710175127788
  },
  "PUT character" : {
    "transaction" : "PUT character",
    "sampleCount" : 12688,
    "errorCount" : 0,
    "errorPct" : 0.0,
    "meanResTime" : 109.70129255989882,
    "medianResTime" : 114.0,
    "minResTime" : 6.0,
    "maxResTime" : 338.0,
    "pct1ResTime" : 154.0,
    "pct2ResTime" : 163.0,
    "pct3ResTime" : 203.0,
    "throughput" : 420.98277978698695,
    "receivedKBytesPerSec" : 107.23621180198414,
    "sentKBytesPerSec" : 89.96933997478351
  },
  "GET characters" : {
    "transaction" : "GET characters",
    "sampleCount" : 13542,
    "errorCount" : 0,
    "errorPct" : 0.0,
    "meanResTime" : 1781.327868852459,
    "medianResTime" : 119.0,
    "minResTime" : 4.0,
    "maxResTime" : 32400.0,
    "pct1ResTime" : 179.0,
    "pct2ResTime" : 23871.24999999979,
    "pct3ResTime" : 29645.639999999985,
    "throughput" : 396.6956674575973,
    "receivedKBytesPerSec" : 10393.81312455144,
    "sentKBytesPerSec" : 48.81216220669655
  }
}